id,canton,property_type,living_area_m2,rooms,year_built,distance_center_km,energy_label,purchase_price,household_income,age,employment,years_client,loan_amount,rate_type,fixed_years,interest_rate,amortisation,origination_year,ltv,affordability,actual_burden
A00001,BE,house,142.0,5.0,2011,16.9,B,748000.0,141000.0,57,employed,16,529000.0,fixed,10,1.96,indirect,2026,0.707,0.255,0.0735
A00002,LU,apartment,102.0,3.5,1994,8.6,B,783000.0,127200.0,50,employed,2,489000.0,fixed,5,1.48,direct,2026,0.625,0.254,0.0569
A00003,AG,house,158.0,5.0,1906,12.9,F,873000.0,101400.0,43,employed,12,499000.0,saron,0,1.22,indirect,2026,0.572,0.332,0.06
A00004,AG,apartment,135.0,4.5,1970,3.2,B,1032000.0,138000.0,31,employed,22,670000.0,fixed,5,1.51,direct,2026,0.649,0.318,0.0733
A00005,ZH,apartment,84.0,3.5,2001,5.4,C,941000.0,126700.0,50,employed,6,638000.0,saron,0,1.01,indirect,2026,0.678,0.332,0.0509
A00006,AG,house,134.0,5.0,1906,4.6,F,985000.0,129900.0,47,employed,5,763000.0,fixed,10,1.55,indirect,2026,0.775,0.424,0.091
A00007,ZH,apartment,89.0,3.5,2006,14.9,B,740000.0,131800.0,34,employed,6,494000.0,fixed,10,1.91,direct,2026,0.668,0.244,0.0716
A00008,ZH,apartment,85.0,3.0,1905,18.8,E,652000.0,120000.0,40,employed,20,519000.0,fixed,5,1.48,direct,2026,0.796,0.317,0.064
A00009,ZH,apartment,73.0,2.0,2005,5.1,A,785000.0,281400.0,25,employed,30,485000.0,saron,0,0.89,direct,2026,0.618,0.114,0.0153
A00010,SG,house,184.0,6.0,2011,2.1,B,1242000.0,349500.0,32,employed,3,873000.0,fixed,10,1.71,direct,2026,0.703,0.169,0.0427
A00011,ZH,house,145.0,5.5,2010,4.7,B,1873000.0,234900.0,32,employed,1,1314000.0,saron,0,0.89,indirect,2026,0.702,0.378,0.0498
A00012,ZH,house,140.0,5.0,2011,3.2,A,1554000.0,274700.0,41,self_employed,2,937000.0,fixed,10,1.66,direct,2026,0.603,0.227,0.0566
A00013,SO,apartment,98.0,3.0,2018,19.9,B,366000.0,172400.0,55,self_employed,1,329000.0,saron,0,1.09,indirect,2026,0.899,0.15,0.0208
A00014,TG,apartment,106.0,4.0,1906,17.3,E,392000.0,60300.0,62,employed,23,285000.0,fixed,5,1.61,direct,2026,0.727,0.327,0.0761
A00015,AG,apartment,120.0,4.5,1928,5.4,E,719000.0,101600.0,51,employed,15,469000.0,saron,0,0.87,direct,2026,0.652,0.302,0.0402
A00016,ZH,house,130.0,5.5,1932,3.8,C,1306000.0,198800.0,57,employed,5,810000.0,saron,0,1.07,direct,2026,0.62,0.269,0.0436
A00017,ZH,house,133.0,4.0,1992,2.3,B,1359000.0,326200.0,33,employed,0,1075000.0,saron,0,0.9,direct,2026,0.791,0.241,0.0297
A00018,ZH,house,163.0,5.0,1958,7.6,D,1619000.0,186300.0,25,employed,11,1031000.0,fixed,5,1.47,indirect,2026,0.637,0.364,0.0814
A00019,BE,apartment,85.0,3.5,1961,0.3,D,554000.0,109400.0,51,employed,2,389000.0,fixed,10,1.73,direct,2026,0.702,0.24,0.0615
A00020,SG,apartment,121.0,4.5,2009,0.9,C,919000.0,236000.0,56,employed,3,691000.0,fixed,10,1.8,direct,2026,0.752,0.207,0.0527
A00021,SO,house,105.0,4.5,2015,4.6,C,645000.0,89900.0,60,employed,5,542000.0,fixed,10,1.6,direct,2026,0.84,0.456,0.0965
A00022,ZH,house,172.0,6.5,2013,12.4,A,1641000.0,245200.0,42,employed,6,1109000.0,saron,0,0.97,direct,2026,0.676,0.297,0.0439
A00023,LU,house,167.0,6.5,1984,0.9,A,1210000.0,219600.0,37,employed,5,841000.0,fixed,5,1.64,indirect,2026,0.695,0.257,0.0628
A00024,LU,house,176.0,7.0,1938,1.0,E,1695000.0,307800.0,28,employed,12,1399000.0,saron,0,0.95,direct,2026,0.825,0.341,0.0432
A00025,ZH,house,260.0,9.0,2005,2.3,B,3310000.0,430000.0,65,employed,12,2431000.0,saron,0,1.25,direct,2026,0.734,0.394,0.0707
A00026,AG,apartment,126.0,5.0,2010,35.6,A,417000.0,87100.0,51,employed,11,237000.0,saron,0,0.93,direct,2026,0.568,0.184,0.0253
A00027,BE,apartment,77.0,2.5,1979,2.5,A,535000.0,133900.0,47,employed,2,423000.0,fixed,10,1.71,indirect,2026,0.791,0.231,0.054
A00028,ZH,house,140.0,6.5,1922,1.2,E,1632000.0,202100.0,29,employed,5,1400000.0,fixed,5,1.53,direct,2026,0.858,0.53,0.106
A00029,ZH,apartment,99.0,4.5,1966,18.7,C,686000.0,204100.0,55,employed,8,459000.0,saron,0,0.99,indirect,2026,0.669,0.147,0.0223
A00030,ZH,apartment,101.0,3.5,1963,2.8,D,1219000.0,107800.0,30,employed,1,905000.0,fixed,5,1.43,direct,2026,0.742,0.59,0.1201
A00031,ZH,apartment,112.0,4.0,1931,31.6,E,614000.0,177900.0,52,employed,5,338000.0,saron,0,1.0,indirect,2026,0.55,0.13,0.019
A00032,ZH,house,127.0,4.5,2008,6.5,B,1178000.0,163600.0,57,employed,5,760000.0,saron,0,1.0,indirect,2026,0.645,0.304,0.0465
A00033,LU,apartment,119.0,4.0,1994,8.0,D,797000.0,145600.0,59,self_employed,0,496000.0,saron,0,1.03,indirect,2026,0.622,0.225,0.0351
A00034,ZH,house,117.0,3.5,1918,6.4,E,1142000.0,194700.0,45,employed,2,797000.0,fixed,5,1.49,indirect,2026,0.698,0.276,0.061
A00035,BE,house,130.0,4.5,1934,5.4,E,740000.0,164300.0,28,employed,4,561000.0,fixed,5,1.48,indirect,2026,0.758,0.243,0.0505
A00036,ZH,apartment,118.0,4.5,2014,10.8,A,1038000.0,228500.0,25,self_employed,7,782000.0,fixed,5,1.51,indirect,2026,0.753,0.243,0.0517
A00037,AG,apartment,100.0,3.5,2006,0.6,B,851000.0,125200.0,42,employed,10,543000.0,fixed,5,1.49,direct,2026,0.638,0.285,0.0646
A00038,SO,house,131.0,5.0,1990,0.3,A,923000.0,175400.0,42,self_employed,4,616000.0,saron,0,1.01,indirect,2026,0.667,0.228,0.0355
A00039,LU,house,125.0,4.5,2003,3.3,B,1206000.0,144500.0,46,self_employed,0,795000.0,saron,0,1.02,direct,2026,0.659,0.359,0.0561
A00040,TG,apartment,83.0,2.5,1915,9.4,E,443000.0,94900.0,53,employed,9,280000.0,saron,0,0.83,direct,2026,0.632,0.194,0.0245
A00041,AG,house,155.0,5.5,2020,5.1,A,1242000.0,127000.0,40,employed,5,641000.0,fixed,10,1.79,direct,2026,0.516,0.35,0.0903
A00042,ZH,house,151.0,5.5,1951,2.2,D,1563000.0,242300.0,46,employed,4,1236000.0,fixed,5,1.54,direct,2026,0.791,0.373,0.0786
A00043,SO,apartment,108.0,3.5,1990,2.3,D,591000.0,185700.0,43,employed,4,394000.0,fixed,5,1.53,indirect,2026,0.667,0.138,0.0325
A00044,LU,house,214.0,8.0,1904,8.6,E,1610000.0,173300.0,53,employed,3,1200000.0,fixed,10,1.71,direct,2026,0.745,0.488,0.1184
A00045,LU,house,175.0,7.0,2019,8.1,C,1306000.0,168500.0,40,employed,2,1041000.0,saron,0,1.07,indirect,2026,0.797,0.454,0.0661
A00046,ZH,house,195.0,8.0,1990,5.8,D,2174000.0,404400.0,41,self_employed,30,1453000.0,fixed,10,1.79,direct,2026,0.668,0.234,0.0643
A00047,BE,apartment,92.0,3.5,1933,0.3,G,707000.0,111500.0,62,employed,11,614000.0,fixed,10,1.72,direct,2026,0.868,0.424,0.0947
A00048,BE,apartment,94.0,3.5,2005,1.1,B,577000.0,125900.0,35,employed,6,430000.0,saron,0,1.12,indirect,2026,0.745,0.241,0.0383
A00049,TG,apartment,62.0,1.5,1945,4.0,D,316000.0,116300.0,25,self_employed,6,180000.0,fixed,5,1.46,direct,2026,0.57,0.105,0.0226
A00050,ZH,house,153.0,6.5,2011,15.3,C,1260000.0,154900.0,46,employed,3,1077000.0,fixed,10,1.99,direct,2026,0.855,0.531,0.1384
A00051,ZH,house,139.0,4.5,1964,40.0,C,584000.0,91200.0,72,retired,7,423000.0,fixed,10,1.63,direct,2026,0.724,0.321,0.0756
A00052,ZH,house,155.0,5.5,2009,3.4,A,1741000.0,174600.0,47,self_employed,3,1013000.0,fixed,5,1.55,direct,2026,0.582,0.39,0.0899
A00053,LU,house,184.0,5.0,2011,0.7,D,1479000.0,203100.0,40,self_employed,4,1123000.0,fixed,10,1.75,direct,2026,0.759,0.394,0.0968
A00054,LU,house,103.0,3.0,2020,4.2,B,861000.0,121600.0,25,employed,3,557000.0,saron,0,1.06,direct,2026,0.647,0.3,0.0486
A00055,BE,apartment,128.0,5.5,1946,6.6,E,591000.0,151800.0,55,employed,2,428000.0,fixed,10,1.82,indirect,2026,0.724,0.195,0.0513
A00056,BE,apartment,120.0,4.0,1977,4.8,D,676000.0,71300.0,41,self_employed,2,506000.0,fixed,10,1.56,direct,2026,0.749,0.501,0.1107
A00057,ZH,apartment,136.0,5.0,2013,5.1,C,1272000.0,155200.0,54,employed,4,885000.0,fixed,10,1.56,direct,2026,0.696,0.383,0.089
A00058,SG,apartment,124.0,4.0,1930,4.7,D,755000.0,137500.0,32,employed,3,551000.0,fixed,10,1.83,direct,2026,0.73,0.278,0.0733
A00059,ZH,apartment,63.0,2.0,1927,0.5,E,547000.0,140000.0,39,employed,1,457000.0,fixed,10,1.75,indirect,2026,0.835,0.246,0.0571
A00060,BE,house,150.0,5.0,1973,12.4,D,722000.0,92000.0,51,employed,0,392000.0,fixed,5,1.34,direct,2026,0.543,0.292,0.0571
A00061,AG,house,120.0,4.0,1909,8.9,E,698000.0,134200.0,40,employed,0,573000.0,fixed,5,1.45,direct,2026,0.821,0.319,0.0619
A00062,BE,apartment,73.0,2.0,1960,3.5,D,366000.0,79800.0,68,retired,3,281000.0,fixed,5,1.5,indirect,2026,0.768,0.253,0.0528
A00063,ZH,house,102.0,4.5,1960,3.7,D,1217000.0,158500.0,44,employed,15,875000.0,saron,0,1.05,direct,2026,0.719,0.38,0.058
A00064,BE,apartment,115.0,4.5,2006,1.2,B,819000.0,168700.0,38,employed,2,514000.0,fixed,10,1.65,indirect,2026,0.628,0.201,0.0503
A00065,ZH,apartment,107.0,3.5,1917,10.7,E,794000.0,106200.0,47,employed,6,531000.0,fixed,10,1.69,direct,2026,0.669,0.326,0.0845
A00066,AG,house,132.0,5.5,1995,12.1,C,811000.0,112500.0,25,employed,4,458000.0,fixed,5,1.51,direct,2026,0.565,0.276,0.0615
A00067,SG,apartment,83.0,3.0,1979,6.6,B,406000.0,117900.0,37,employed,16,294000.0,saron,0,0.88,indirect,2026,0.724,0.172,0.0219
A00068,AG,apartment,86.0,3.5,1998,11.1,D,540000.0,155800.0,34,self_employed,2,382000.0,fixed,10,1.72,indirect,2026,0.707,0.167,0.0422
A00069,SG,house,149.0,5.0,1962,19.5,D,667000.0,109600.0,60,employed,1,405000.0,fixed,10,1.95,direct,2026,0.607,0.246,0.0721
A00070,BE,house,153.0,5.5,1902,6.9,F,925000.0,121200.0,42,self_employed,1,702000.0,saron,0,0.79,indirect,2026,0.759,0.413,0.0458
A00071,SG,apartment,130.0,5.5,2005,12.5,D,680000.0,161300.0,34,employed,4,593000.0,saron,0,0.87,direct,2026,0.872,0.284,0.032
A00072,ZH,house,114.0,4.0,2020,8.0,A,1310000.0,247000.0,36,employed,3,1049000.0,fixed,10,1.65,direct,2026,0.801,0.313,0.0701
A00073,SG,house,194.0,7.5,2001,4.7,C,1470000.0,185400.0,33,employed,18,886000.0,fixed,10,1.66,indirect,2026,0.603,0.318,0.0793
A00074,BE,house,102.0,4.0,1962,0.7,D,680000.0,106600.0,47,employed,9,497000.0,fixed,5,1.45,direct,2026,0.731,0.324,0.0676
A00075,SO,apartment,80.0,4.0,2004,3.4,B,464000.0,99500.0,52,employed,2,319000.0,fixed,5,1.41,direct,2026,0.688,0.213,0.0452
A00076,BE,house,150.0,5.5,1991,15.5,C,739000.0,151000.0,45,self_employed,8,577000.0,saron,0,1.2,direct,2026,0.781,0.277,0.0459
A00077,SG,apartment,80.0,3.0,1970,2.1,C,474000.0,106500.0,47,employed,2,297000.0,fixed,10,1.79,direct,2026,0.627,0.184,0.0499
A00078,TG,house,105.0,3.5,1971,2.6,E,684000.0,112300.0,47,employed,5,561000.0,saron,0,1.29,direct,2026,0.82,0.373,0.0644
A00079,SG,apartment,90.0,3.0,1958,11.4,D,562000.0,61900.0,55,employed,10,430000.0,saron,0,1.15,direct,2026,0.765,0.498,0.0799
A00080,SG,apartment,109.0,3.5,2013,0.3,A,830000.0,149700.0,43,employed,2,480000.0,fixed,10,1.96,indirect,2026,0.578,0.216,0.0628
A00081,BE,apartment,104.0,3.0,1925,10.4,E,411000.0,128400.0,48,employed,9,300000.0,saron,0,1.07,indirect,2026,0.73,0.162,0.025
A00082,ZH,apartment,79.0,3.0,2013,5.2,B,802000.0,80300.0,51,employed,5,527000.0,saron,0,0.93,indirect,2026,0.657,0.428,0.061
A00083,SG,apartment,85.0,3.0,1984,4.4,C,700000.0,154900.0,25,self_employed,30,497000.0,saron,0,0.95,direct,2026,0.71,0.219,0.0305
A00084,SG,apartment,134.0,5.0,1980,20.7,B,431000.0,85800.0,43,employed,4,243000.0,saron,0,0.89,direct,2026,0.564,0.192,0.0252
A00085,TG,house,139.0,4.5,1981,0.5,C,892000.0,216600.0,56,employed,15,572000.0,fixed,10,1.61,direct,2026,0.641,0.173,0.0425
A00086,BE,apartment,78.0,2.5,2010,3.9,A,532000.0,140300.0,46,employed,5,424000.0,fixed,10,1.9,direct,2026,0.797,0.222,0.0574
A00087,TG,apartment,131.0,4.5,1965,8.8,C,699000.0,113900.0,43,employed,16,568000.0,fixed,5,1.37,direct,2026,0.813,0.37,0.0683
A00088,BE,house,164.0,5.5,1960,0.9,D,1090000.0,170900.0,64,employed,2,757000.0,fixed,10,2.05,indirect,2026,0.694,0.297,0.0908
A00089,ZH,apartment,91.0,2.0,1939,2.6,B,918000.0,149100.0,50,employed,2,643000.0,fixed,10,1.86,direct,2026,0.7,0.291,0.0802
A00090,BE,apartment,128.0,4.5,2019,19.7,A,527000.0,134900.0,38,employed,3,241000.0,fixed,5,1.55,direct,2026,0.457,0.128,0.0277
A00091,SG,house,179.0,6.5,1974,5.7,C,912000.0,125000.0,63,employed,2,556000.0,saron,0,0.79,indirect,2026,0.61,0.295,0.0351
A00092,SG,house,125.0,4.5,1934,0.3,D,987000.0,254800.0,42,self_employed,4,670000.0,fixed,5,1.47,direct,2026,0.679,0.173,0.0387
A00093,ZH,house,168.0,5.5,2010,5.1,A,2415000.0,195200.0,39,employed,2,1499000.0,fixed,10,1.9,direct,2026,0.621,0.508,0.1459
A00094,SG,house,207.0,7.0,2000,5.9,C,1433000.0,131500.0,36,employed,3,667000.0,fixed,10,1.66,indirect,2026,0.465,0.363,0.0842
A00095,ZH,apartment,106.0,4.5,1901,32.4,E,509000.0,132500.0,45,self_employed,2,375000.0,saron,0,0.84,direct,2026,0.737,0.198,0.0238
A00096,SG,apartment,99.0,4.0,1934,2.7,F,605000.0,99100.0,44,employed,6,527000.0,saron,0,1.22,direct,2026,0.871,0.41,0.0649
A00097,TG,house,123.0,5.0,1924,10.7,F,656000.0,238900.0,55,self_employed,2,483000.0,fixed,5,1.6,indirect,2026,0.736,0.141,0.0323
A00098,LU,apartment,106.0,3.5,1970,17.4,C,466000.0,124900.0,43,employed,7,261000.0,fixed,10,1.99,indirect,2026,0.56,0.142,0.0416
A00099,ZH,apartment,141.0,5.5,1908,1.4,F,1876000.0,199000.0,33,employed,2,1431000.0,fixed,10,1.93,direct,2026,0.763,0.514,0.1388
A00100,ZH,house,132.0,5.0,2017,7.9,A,1592000.0,349400.0,43,employed,27,1216000.0,fixed,5,1.65,indirect,2026,0.764,0.249,0.0574
A00101,AG,apartment,102.0,4.0,1994,15.2,C,612000.0,108600.0,50,employed,3,397000.0,fixed,10,1.49,indirect,2026,0.649,0.239,0.0545
A00102,ZH,apartment,107.0,4.0,1996,17.2,A,897000.0,128900.0,52,employed,9,644000.0,fixed,5,1.4,indirect,2026,0.718,0.343,0.0699
A00103,AG,house,134.0,5.0,1910,11.6,F,872000.0,95100.0,41,employed,4,674000.0,saron,0,0.95,direct,2026,0.773,0.511,0.0673
A00104,BE,house,133.0,4.5,1976,5.6,C,913000.0,174300.0,40,self_employed,2,739000.0,fixed,10,1.79,indirect,2026,0.809,0.314,0.0759
A00105,SG,apartment,116.0,4.5,2003,14.7,A,656000.0,160800.0,61,self_employed,8,443000.0,saron,0,1.1,indirect,2026,0.675,0.181,0.0303
A00106,AG,apartment,104.0,4.5,2000,13.2,C,537000.0,139800.0,41,employed,3,380000.0,fixed,10,1.76,direct,2026,0.708,0.185,0.0478
A00107,TG,house,182.0,8.0,1904,2.4,G,1142000.0,213000.0,56,employed,8,713000.0,fixed,5,1.47,direct,2026,0.624,0.221,0.0492
A00108,TG,apartment,86.0,3.5,2022,0.4,A,542000.0,77200.0,47,employed,5,443000.0,fixed,5,1.66,indirect,2026,0.817,0.428,0.0953
A00109,BE,apartment,120.0,4.0,2008,6.0,C,912000.0,131900.0,47,self_employed,5,638000.0,saron,0,0.99,indirect,2026,0.7,0.326,0.0479
A00110,ZH,house,161.0,4.5,2003,4.8,A,1621000.0,156500.0,50,employed,1,1272000.0,fixed,10,1.97,direct,2026,0.785,0.591,0.1601
A00111,LU,apartment,123.0,4.0,1986,5.8,C,853000.0,126400.0,55,employed,9,564000.0,saron,0,1.18,indirect,2026,0.661,0.291,0.0527
A00112,ZH,apartment,68.0,3.0,1922,7.6,E,649000.0,93200.0,50,employed,2,407000.0,fixed,10,1.84,direct,2026,0.627,0.288,0.0804
A00113,AG,apartment,124.0,4.0,2000,27.3,A,537000.0,73200.0,50,employed,21,309000.0,saron,0,1.15,direct,2026,0.575,0.284,0.0485
A00114,BE,apartment,103.0,4.0,1993,2.5,A,768000.0,117600.0,48,employed,5,466000.0,fixed,5,1.43,indirect,2026,0.607,0.263,0.0567
A00115,TG,apartment,111.0,4.0,1971,5.8,C,573000.0,103700.0,47,employed,2,436000.0,fixed,10,1.67,direct,2026,0.761,0.3,0.0702
A00116,BE,apartment,88.0,2.5,1962,8.5,E,493000.0,112200.0,54,self_employed,9,352000.0,fixed,10,1.92,direct,2026,0.714,0.215,0.0602
A00117,LU,apartment,131.0,5.0,1908,1.5,F,1062000.0,174900.0,48,employed,2,836000.0,fixed,10,1.78,direct,2026,0.787,0.349,0.0851
A00118,BE,house,166.0,6.0,1981,1.2,C,1083000.0,149000.0,32,self_employed,6,944000.0,fixed,5,1.67,indirect,2026,0.872,0.489,0.1058
A00119,BE,house,129.0,5.0,1920,9.1,D,688000.0,152100.0,60,employed,6,531000.0,saron,0,0.94,direct,2026,0.772,0.251,0.0328
A00120,LU,apartment,92.0,3.0,1964,6.0,C,566000.0,100300.0,48,employed,13,387000.0,saron,0,1.18,direct,2026,0.684,0.256,0.0455
A00121,TG,apartment,78.0,3.5,1908,3.7,F,422000.0,192000.0,48,employed,13,261000.0,saron,0,1.22,indirect,2026,0.618,0.09,0.0166
A00122,BE,apartment,128.0,4.5,1957,5.9,D,787000.0,135600.0,57,employed,0,416000.0,fixed,5,1.52,direct,2026,0.529,0.211,0.0466
A00123,TG,house,144.0,5.0,1951,22.5,D,578000.0,112000.0,30,employed,3,439000.0,saron,0,0.97,direct,2026,0.76,0.28,0.038
A00124,TG,apartment,90.0,3.5,1961,2.4,C,498000.0,98800.0,59,self_employed,1,349000.0,fixed,5,1.47,direct,2026,0.701,0.238,0.0519
A00125,BE,house,119.0,5.0,2008,2.2,B,716000.0,129800.0,50,employed,14,518000.0,saron,0,0.74,indirect,2026,0.723,0.276,0.0295
A00126,BE,house,141.0,5.5,2014,9.3,B,921000.0,100800.0,43,employed,5,556000.0,saron,0,0.79,direct,2026,0.604,0.367,0.0436
A00127,AG,apartment,83.0,2.0,1951,0.3,D,624000.0,81400.0,33,employed,1,334000.0,saron,0,0.96,indirect,2026,0.535,0.282,0.0394
A00128,SO,house,189.0,7.0,2011,4.7,D,947000.0,148400.0,29,employed,5,671000.0,fixed,10,1.84,direct,2026,0.709,0.308,0.0832
A00129,ZH,apartment,96.0,3.0,2015,2.8,B,1322000.0,142400.0,52,employed,0,949000.0,saron,0,0.92,indirect,2026,0.718,0.458,0.0613
A00130,ZH,apartment,131.0,4.5,1940,1.0,B,1492000.0,241100.0,49,employed,2,1332000.0,saron,0,1.08,direct,2026,0.893,0.431,0.0597
A00131,BE,apartment,77.0,2.0,2020,6.4,A,508000.0,91700.0,42,employed,6,345000.0,fixed,10,1.77,direct,2026,0.679,0.248,0.0666
A00132,ZH,apartment,110.0,3.5,1916,3.9,D,1020000.0,175300.0,42,employed,7,906000.0,fixed,10,1.62,indirect,2026,0.888,0.403,0.0837
A00133,BE,house,107.0,3.5,1981,3.7,C,804000.0,90700.0,51,employed,2,512000.0,saron,0,0.73,direct,2026,0.637,0.371,0.0412
A00134,TG,house,133.0,5.5,2010,6.2,A,1041000.0,266600.0,25,self_employed,8,725000.0,saron,0,0.94,direct,2026,0.696,0.183,0.0256
A00135,SG,apartment,72.0,2.5,2009,13.1,C,517000.0,130100.0,36,employed,6,408000.0,fixed,10,1.68,indirect,2026,0.789,0.229,0.0527
A00136,BE,apartment,116.0,4.5,1971,5.1,C,620000.0,168400.0,42,employed,16,348000.0,fixed,10,1.76,direct,2026,0.561,0.14,0.0364
A00137,LU,house,169.0,6.5,2020,11.2,B,1284000.0,256100.0,35,employed,18,889000.0,fixed,5,1.23,indirect,2026,0.692,0.232,0.0427
A00138,SG,house,220.0,8.0,1923,3.2,C,1642000.0,130900.0,50,employed,3,1129000.0,fixed,10,1.88,direct,2026,0.688,0.574,0.1621
A00139,BE,house,190.0,6.0,1969,15.1,C,853000.0,229100.0,46,employed,5,644000.0,fixed,10,1.84,indirect,2026,0.755,0.2,0.0517
A00140,LU,house,131.0,4.0,1915,4.6,F,977000.0,187000.0,42,employed,3,652000.0,saron,0,0.94,direct,2026,0.667,0.227,0.0328
A00141,LU,apartment,116.0,5.0,1977,15.1,C,702000.0,129800.0,53,employed,13,341000.0,fixed,10,1.7,direct,2026,0.486,0.185,0.0447
A00142,LU,house,139.0,6.0,1978,7.7,C,823000.0,157100.0,33,employed,2,672000.0,fixed,10,1.75,direct,2026,0.817,0.319,0.0749
A00143,ZH,apartment,130.0,5.0,1940,0.8,D,1361000.0,129300.0,49,employed,3,990000.0,fixed,5,1.31,direct,2026,0.727,0.531,0.1003
A00144,BE,house,179.0,6.5,2006,14.6,A,1027000.0,238700.0,47,employed,6,681000.0,saron,0,1.01,direct,2026,0.663,0.186,0.0288
A00145,BE,house,146.0,5.0,2017,4.5,A,788000.0,163700.0,50,employed,1,630000.0,saron,0,0.82,direct,2026,0.799,0.283,0.0316
A00146,SO,house,142.0,4.5,1957,0.6,D,858000.0,123700.0,47,employed,4,621000.0,fixed,10,1.69,direct,2026,0.724,0.347,0.0848
A00147,ZH,apartment,50.0,2.0,1930,0.3,D,719000.0,156400.0,47,employed,9,451000.0,fixed,5,1.34,direct,2026,0.627,0.19,0.0386
A00148,LU,house,188.0,7.5,1941,6.0,E,1504000.0,235700.0,39,employed,0,1073000.0,fixed,10,1.89,direct,2026,0.713,0.311,0.086
A00149,LU,house,152.0,5.5,1959,13.6,E,723000.0,152400.0,40,self_employed,2,590000.0,saron,0,1.13,direct,2026,0.816,0.288,0.0437
A00150,ZH,apartment,82.0,3.0,1911,6.6,E,683000.0,168600.0,46,employed,11,455000.0,fixed,5,1.4,direct,2026,0.666,0.175,0.0378
A00151,AG,house,191.0,6.5,2005,14.0,A,1280000.0,145600.0,41,employed,1,940000.0,saron,0,0.65,direct,2026,0.734,0.45,0.042
A00152,SG,apartment,73.0,3.0,1912,4.8,G,400000.0,119000.0,41,employed,6,335000.0,fixed,5,1.39,indirect,2026,0.838,0.213,0.0391
A00153,TG,house,112.0,4.0,2017,1.4,C,959000.0,140500.0,62,retired,6,598000.0,fixed,5,1.3,direct,2026,0.624,0.281,0.0553
A00154,TG,house,150.0,5.5,1909,14.0,E,762000.0,122200.0,51,self_employed,1,481000.0,fixed,5,1.41,direct,2026,0.631,0.259,0.0555
A00155,ZH,house,121.0,4.0,2015,11.0,B,1075000.0,129400.0,47,employed,15,663000.0,saron,0,0.87,indirect,2026,0.617,0.339,0.0446
A00156,BE,apartment,57.0,1.5,1956,0.5,D,324000.0,63300.0,42,employed,14,189000.0,fixed,5,1.55,direct,2026,0.583,0.2,0.0463
A00157,ZH,apartment,100.0,4.0,1977,8.4,C,922000.0,96100.0,42,employed,3,585000.0,fixed,10,1.86,indirect,2026,0.634,0.4,0.1132
A00158,ZH,apartment,92.0,3.5,1995,11.8,B,783000.0,114300.0,29,employed,4,500000.0,saron,0,1.13,direct,2026,0.639,0.287,0.0494
A00159,BE,apartment,102.0,4.0,1972,1.2,C,707000.0,171700.0,46,employed,0,469000.0,saron,0,1.25,direct,2026,0.663,0.178,0.0341
A00160,TG,apartment,149.0,4.0,2019,8.7,B,1032000.0,189100.0,46,employed,3,689000.0,fixed,5,1.4,indirect,2026,0.668,0.237,0.051
A00161,AG,house,167.0,5.5,2014,2.9,B,1570000.0,156300.0,38,employed,8,1159000.0,fixed,10,1.82,indirect,2026,0.738,0.519,0.135
A00162,AG,apartment,93.0,3.0,1982,0.8,C,719000.0,104300.0,43,employed,3,569000.0,saron,0,1.0,direct,2026,0.791,0.399,0.0546
A00163,BE,apartment,105.0,3.5,1940,4.2,D,567000.0,131100.0,54,employed,10,401000.0,fixed,5,1.59,indirect,2026,0.707,0.208,0.0486
A00164,ZH,apartment,135.0,5.0,1941,8.3,E,987000.0,181600.0,47,employed,4,748000.0,saron,0,0.96,direct,2026,0.758,0.293,0.0395
A00165,ZH,apartment,70.0,2.0,1988,31.2,B,374000.0,94100.0,44,self_employed,3,249000.0,saron,0,1.09,indirect,2026,0.666,0.172,0.0288
A00166,TG,house,109.0,5.0,1999,29.7,B,413000.0,103100.0,37,employed,12,354000.0,fixed,5,1.62,direct,2026,0.857,0.263,0.0556
A00167,LU,apartment,122.0,3.5,2007,0.4,A,1056000.0,150800.0,49,employed,21,813000.0,saron,0,0.96,direct,2026,0.77,0.388,0.0518
A00168,BE,apartment,100.0,3.5,1944,5.4,D,512000.0,72500.0,56,employed,1,269000.0,fixed,5,1.76,direct,2026,0.525,0.256,0.0653
A00169,LU,house,215.0,7.5,1969,7.0,C,1474000.0,233800.0,25,employed,19,1153000.0,saron,0,1.03,indirect,2026,0.782,0.358,0.0508
A00170,ZH,apartment,110.0,4.5,1990,0.3,B,1200000.0,197000.0,48,employed,3,696000.0,fixed,10,1.68,direct,2026,0.58,0.238,0.0594
A00171,ZH,apartment,88.0,3.0,1995,34.1,C,641000.0,132000.0,56,employed,15,515000.0,fixed,10,1.86,direct,2026,0.803,0.288,0.0726
A00172,TG,house,182.0,6.5,1992,8.7,B,927000.0,190900.0,30,employed,7,622000.0,fixed,10,1.8,direct,2026,0.671,0.213,0.0586
A00173,ZH,apartment,85.0,3.0,1955,3.2,D,818000.0,205900.0,60,employed,2,465000.0,saron,0,1.05,direct,2026,0.568,0.153,0.0237
A00174,AG,house,162.0,5.5,2022,16.9,A,1104000.0,238300.0,40,employed,1,872000.0,fixed,5,1.57,indirect,2026,0.79,0.267,0.0575
A00175,TG,house,166.0,6.0,1915,35.2,E,573000.0,94500.0,48,employed,0,415000.0,saron,0,0.85,indirect,2026,0.724,0.303,0.0373
A00176,SG,apartment,75.0,2.5,2021,8.4,A,491000.0,133600.0,33,employed,13,262000.0,fixed,10,1.61,indirect,2026,0.534,0.135,0.0316
A00177,ZH,apartment,97.0,3.5,1905,3.4,E,1099000.0,155400.0,31,employed,5,599000.0,fixed,5,1.34,indirect,2026,0.545,0.263,0.0517
A00178,BE,house,199.0,8.0,1968,2.6,B,1079000.0,141400.0,50,employed,0,743000.0,saron,0,1.09,direct,2026,0.689,0.35,0.0573
A00179,SG,house,112.0,3.5,1991,19.2,B,523000.0,126700.0,25,employed,9,444000.0,fixed,5,1.42,direct,2026,0.849,0.267,0.0498
A00180,ZH,house,170.0,6.5,2006,3.2,C,2389000.0,287900.0,34,employed,2,1571000.0,fixed,10,1.57,direct,2026,0.658,0.356,0.0857
A00181,SO,house,193.0,7.0,2002,7.8,A,995000.0,221700.0,32,employed,4,637000.0,saron,0,1.07,direct,2026,0.64,0.189,0.0307
A00182,ZH,apartment,115.0,4.0,1996,20.1,A,808000.0,172600.0,46,self_employed,14,572000.0,saron,0,1.08,indirect,2026,0.708,0.225,0.0358
A00183,SG,apartment,81.0,3.0,2012,7.7,A,498000.0,134700.0,44,employed,0,404000.0,fixed,10,1.55,direct,2026,0.811,0.223,0.0465
A00184,ZH,house,176.0,6.5,2003,27.1,A,1008000.0,138300.0,32,employed,30,784000.0,fixed,10,1.67,indirect,2026,0.778,0.41,0.0947
A00185,ZH,apartment,105.0,3.5,2004,0.3,B,1178000.0,156700.0,39,employed,1,1060000.0,fixed,10,1.72,indirect,2026,0.9,0.53,0.1163
A00186,LU,apartment,144.0,4.5,1901,3.4,F,986000.0,194100.0,43,employed,5,782000.0,fixed,5,1.53,direct,2026,0.793,0.295,0.0616
A00187,AG,house,157.0,5.5,2000,5.0,A,1218000.0,199600.0,61,employed,1,671000.0,saron,0,1.06,direct,2026,0.551,0.229,0.0356
A00188,SO,house,175.0,6.0,2017,1.9,D,970000.0,159600.0,42,employed,2,548000.0,saron,0,0.9,direct,2026,0.565,0.232,0.0309
A00189,AG,apartment,99.0,2.5,2004,4.6,A,790000.0,214500.0,39,employed,7,587000.0,fixed,10,1.87,direct,2026,0.743,0.192,0.0512
A00190,BE,apartment,83.0,3.5,2005,14.4,B,422000.0,94100.0,44,employed,1,243000.0,saron,0,1.12,direct,2026,0.576,0.174,0.0289
A00191,ZH,house,163.0,6.0,1915,2.7,F,1763000.0,236500.0,43,employed,1,1198000.0,fixed,5,1.51,indirect,2026,0.68,0.334,0.0765
A00192,ZH,house,128.0,5.0,1989,2.9,D,1489000.0,147400.0,37,self_employed,5,1203000.0,saron,0,0.83,direct,2026,0.808,0.604,0.0677
A00193,ZH,apartment,89.0,3.5,2015,26.9,A,720000.0,104800.0,46,employed,4,547000.0,fixed,10,1.85,indirect,2026,0.76,0.372,0.0966
A00194,ZH,house,193.0,8.5,2003,30.4,A,1222000.0,263500.0,47,employed,12,843000.0,fixed,5,1.59,indirect,2026,0.69,0.214,0.0509
A00195,LU,apartment,94.0,3.5,1939,21.5,D,386000.0,113800.0,61,employed,8,309000.0,saron,0,1.01,direct,2026,0.801,0.2,0.0274
A00196,TG,apartment,131.0,4.0,1950,3.9,C,668000.0,131900.0,40,self_employed,5,545000.0,fixed,5,1.63,direct,2026,0.816,0.308,0.0674
A00197,ZH,apartment,89.0,3.0,1984,12.3,B,771000.0,86500.0,37,employed,0,550000.0,fixed,10,1.81,direct,2026,0.713,0.435,0.1151
A00198,LU,house,166.0,5.5,1907,7.6,G,1170000.0,132100.0,51,employed,0,782000.0,fixed,5,1.28,direct,2026,0.668,0.386,0.0758
A00199,ZH,apartment,90.0,4.0,2007,21.2,B,664000.0,126100.0,46,employed,9,537000.0,fixed,10,1.44,direct,2026,0.809,0.315,0.0613
A00200,SG,house,149.0,5.5,1982,7.6,E,859000.0,169900.0,47,employed,4,594000.0,fixed,5,1.53,direct,2026,0.692,0.234,0.0535
A00201,ZH,house,129.0,5.5,1962,1.6,C,1294000.0,199600.0,49,employed,2,1165000.0,fixed,5,1.56,direct,2026,0.9,0.458,0.0911
A00202,ZH,apartment,66.0,2.0,1967,3.5,B,657000.0,143100.0,42,employed,4,342000.0,saron,0,1.19,indirect,2026,0.521,0.165,0.0284
A00203,AG,apartment,68.0,2.5,2003,0.3,A,560000.0,115400.0,48,employed,6,460000.0,fixed,5,1.69,direct,2026,0.821,0.298,0.0674
A00204,SO,apartment,142.0,4.5,1928,22.7,D,529000.0,111100.0,40,self_employed,1,385000.0,fixed,5,1.72,indirect,2026,0.728,0.24,0.0596
A00205,LU,house,150.0,5.5,1961,2.1,D,1114000.0,189000.0,42,self_employed,3,894000.0,fixed,5,1.46,direct,2026,0.803,0.349,0.0691
A00206,ZH,house,126.0,4.0,1900,14.4,E,948000.0,118200.0,46,employed,18,640000.0,fixed,10,1.75,direct,2026,0.675,0.355,0.0948
A00207,BE,apartment,160.0,6.0,1926,22.1,E,655000.0,185500.0,25,employed,2,401000.0,fixed,5,1.48,indirect,2026,0.612,0.143,0.032
A00208,LU,house,153.0,6.0,1962,0.5,C,1342000.0,206400.0,39,employed,8,783000.0,saron,0,0.7,direct,2026,0.583,0.255,0.0266
A00209,AG,house,103.0,3.0,1913,3.1,F,847000.0,145200.0,47,self_employed,1,644000.0,fixed,10,1.66,direct,2026,0.76,0.317,0.0736
A00210,SG,apartment,147.0,6.0,2018,0.3,C,954000.0,119700.0,41,self_employed,3,640000.0,saron,0,1.01,indirect,2026,0.671,0.349,0.054
A00211,ZH,apartment,117.0,4.5,1928,2.6,D,1235000.0,151000.0,42,employed,2,1032000.0,fixed,10,1.57,direct,2026,0.836,0.516,0.1073
A00212,ZH,house,183.0,6.0,2022,4.8,B,2607000.0,193300.0,36,employed,4,1278000.0,fixed,5,1.36,direct,2026,0.49,0.465,0.0899
A00213,ZH,house,203.0,7.5,1991,14.1,C,1500000.0,154900.0,33,employed,4,953000.0,saron,0,1.07,direct,2026,0.635,0.404,0.0658
A00214,TG,apartment,163.0,6.0,2018,1.4,B,1004000.0,246200.0,36,employed,3,671000.0,fixed,5,1.62,indirect,2026,0.668,0.178,0.0442
A00215,SG,apartment,53.0,1.5,1932,10.1,G,259000.0,68200.0,49,employed,9,216000.0,fixed,10,1.68,direct,2026,0.834,0.239,0.0532
A00216,TG,house,237.0,8.5,1991,23.2,A,1008000.0,158900.0,53,self_employed,4,752000.0,saron,0,0.91,direct,2026,0.746,0.334,0.0431
A00217,SG,apartment,118.0,4.0,1921,4.9,F,813000.0,144400.0,38,employed,4,595000.0,saron,0,0.92,direct,2026,0.732,0.287,0.0379
A00218,ZH,house,157.0,6.0,1965,13.4,D,1229000.0,251400.0,52,self_employed,2,653000.0,fixed,5,1.63,indirect,2026,0.531,0.179,0.0423
A00219,TG,house,191.0,6.5,2001,2.5,A,1472000.0,158800.0,52,employed,5,933000.0,fixed,10,1.72,indirect,2026,0.634,0.386,0.1011
A00220,BE,apartment,99.0,3.0,1937,4.7,E,566000.0,120200.0,48,employed,3,363000.0,fixed,10,1.59,direct,2026,0.641,0.198,0.048
A00221,BE,apartment,125.0,4.5,1925,5.9,D,700000.0,92200.0,45,employed,3,422000.0,fixed,10,1.58,indirect,2026,0.603,0.305,0.0723
A00222,LU,apartment,117.0,5.0,1957,2.1,C,1147000.0,191500.0,29,employed,2,941000.0,saron,0,1.08,direct,2026,0.82,0.367,0.0531
A00223,SG,house,93.0,3.5,1958,21.2,C,391000.0,122200.0,41,employed,9,303000.0,saron,0,1.1,direct,2026,0.775,0.179,0.0273
A00224,AG,apartment,50.0,2.0,1967,24.9,C,193000.0,74300.0,37,employed,1,113000.0,saron,0,0.99,direct,2026,0.585,0.102,0.0151
A00225,BE,house,145.0,5.0,1903,7.1,G,784000.0,167900.0,46,employed,2,621000.0,fixed,10,1.93,direct,2026,0.792,0.271,0.0714
A00226,ZH,apartment,94.0,3.5,1986,6.3,C,753000.0,108300.0,49,employed,3,569000.0,fixed,10,1.97,direct,2026,0.756,0.373,0.1035
A00227,LU,apartment,67.0,2.5,2015,8.6,A,496000.0,166000.0,46,employed,0,357000.0,fixed,10,1.8,direct,2026,0.72,0.148,0.0387
A00228,ZH,apartment,126.0,4.5,2001,1.5,A,1244000.0,188500.0,50,employed,15,772000.0,saron,0,1.06,direct,2026,0.621,0.271,0.0434
A00229,ZH,apartment,122.0,3.5,1944,2.1,C,1399000.0,185200.0,30,employed,7,944000.0,fixed,10,1.67,direct,2026,0.675,0.334,0.0851
A00230,ZH,apartment,131.0,5.5,1974,6.6,B,1295000.0,363100.0,49,employed,4,973000.0,fixed,5,1.51,direct,2026,0.751,0.19,0.0405
A00231,SO,apartment,104.0,4.0,1959,1.8,E,456000.0,114200.0,36,employed,1,332000.0,saron,0,0.94,direct,2026,0.728,0.202,0.0273
A00232,ZH,apartment,163.0,6.5,1956,2.6,C,1403000.0,163600.0,34,employed,3,1069000.0,saron,0,1.1,direct,2026,0.762,0.467,0.0719
A00233,ZH,house,101.0,3.0,1907,3.4,E,1147000.0,178700.0,50,employed,11,714000.0,fixed,5,1.38,direct,2026,0.622,0.264,0.0551
A00234,ZH,apartment,92.0,3.5,2019,5.0,A,907000.0,176600.0,32,employed,11,721000.0,fixed,5,1.31,direct,2026,0.795,0.299,0.0535
A00235,ZH,house,150.0,5.0,1926,5.5,F,1317000.0,186900.0,44,self_employed,7,603000.0,saron,0,1.08,direct,2026,0.458,0.232,0.0348
A00236,ZH,apartment,112.0,4.0,1998,0.3,B,1373000.0,123000.0,45,employed,2,846000.0,saron,0,0.99,direct,2026,0.616,0.456,0.0681
A00237,ZH,apartment,178.0,6.0,2011,10.7,A,1392000.0,170900.0,55,employed,2,1133000.0,fixed,10,1.84,direct,2026,0.814,0.493,0.122
A00238,ZH,apartment,88.0,3.5,2008,3.3,B,881000.0,198400.0,35,employed,21,698000.0,fixed,10,1.84,direct,2026,0.792,0.257,0.0647
A00239,SG,apartment,102.0,3.0,2005,0.4,B,823000.0,150300.0,56,self_employed,2,600000.0,fixed,5,1.61,indirect,2026,0.729,0.277,0.0643
A00240,ZH,apartment,98.0,3.0,2010,8.1,B,808000.0,139800.0,31,employed,4,702000.0,fixed,10,1.68,indirect,2026,0.869,0.387,0.0844
A00241,AG,house,185.0,6.0,1997,1.3,C,1361000.0,162100.0,49,employed,13,1051000.0,fixed,10,1.81,direct,2026,0.772,0.467,0.1174
A00242,ZH,apartment,81.0,3.0,1997,4.9,C,803000.0,145300.0,54,employed,6,605000.0,fixed,10,1.83,indirect,2026,0.753,0.295,0.0762
A00243,TG,apartment,70.0,2.0,1965,0.3,A,428000.0,103000.0,28,employed,4,368000.0,fixed,5,1.67,direct,2026,0.86,0.274,0.0597
A00244,BE,apartment,92.0,3.0,2019,27.6,A,458000.0,83700.0,33,employed,1,294000.0,saron,0,0.83,indirect,2026,0.642,0.23,0.0292
A00245,BE,house,181.0,7.0,1920,1.3,D,1363000.0,165300.0,25,employed,16,1039000.0,saron,0,1.3,direct,2026,0.762,0.449,0.0817
A00246,ZH,house,134.0,5.5,2019,2.9,B,1478000.0,397400.0,53,employed,5,1099000.0,fixed,10,1.76,direct,2026,0.744,0.195,0.0487
A00247,AG,apartment,74.0,1.5,2014,12.7,B,442000.0,107700.0,49,employed,7,323000.0,saron,0,1.2,direct,2026,0.731,0.209,0.036
A00248,TG,house,202.0,6.5,2000,8.6,A,1363000.0,196000.0,40,employed,2,818000.0,saron,0,0.94,indirect,2026,0.6,0.278,0.0392
A00249,ZH,apartment,92.0,2.5,1975,11.7,D,601000.0,133600.0,36,employed,1,441000.0,fixed,5,1.53,direct,2026,0.734,0.23,0.0505
A00250,BE,apartment,117.0,4.0,1961,1.3,A,789000.0,171800.0,53,employed,0,608000.0,fixed,10,1.91,direct,2026,0.771,0.255,0.0676
A00251,TG,apartment,70.0,3.5,2018,5.7,A,448000.0,146400.0,42,employed,8,265000.0,fixed,10,1.61,direct,2026,0.592,0.121,0.0291
A00252,BE,apartment,95.0,3.5,2016,3.7,A,694000.0,172800.0,49,self_employed,3,459000.0,saron,0,0.97,indirect,2026,0.661,0.173,0.0258
A00253,AG,apartment,90.0,3.0,1915,4.8,E,532000.0,92600.0,47,employed,15,309000.0,fixed,5,1.45,indirect,2026,0.581,0.224,0.0484
A00254,TG,house,204.0,7.0,1942,25.1,C,784000.0,208500.0,45,employed,7,429000.0,saron,0,1.05,indirect,2026,0.547,0.14,0.0216
A00255,AG,house,162.0,6.5,2002,3.1,A,1423000.0,249300.0,37,employed,4,1123000.0,fixed,5,1.69,direct,2026,0.789,0.329,0.0761
A00256,SG,house,123.0,3.5,1917,11.6,F,767000.0,108200.0,47,employed,12,519000.0,fixed,10,1.82,indirect,2026,0.677,0.315,0.0873
A00257,ZH,apartment,95.0,3.5,1903,0.3,E,1078000.0,154500.0,45,employed,2,742000.0,saron,0,0.85,indirect,2026,0.688,0.32,0.0408
A00258,AG,apartment,130.0,4.0,1973,0.3,B,1036000.0,162900.0,57,employed,0,661000.0,saron,0,0.98,direct,2026,0.638,0.266,0.0398
A00259,BE,apartment,91.0,3.5,1920,7.6,D,466000.0,94700.0,59,employed,13,332000.0,saron,0,1.0,direct,2026,0.712,0.24,0.0351
A00260,BE,house,94.0,4.0,1973,24.0,D,359000.0,58400.0,49,employed,3,243000.0,saron,0,1.02,indirect,2026,0.677,0.274,0.0424
A00261,ZH,apartment,91.0,3.0,1908,3.1,F,878000.0,144600.0,31,employed,1,687000.0,fixed,10,1.7,indirect,2026,0.782,0.345,0.0808
A00262,BE,house,226.0,7.5,2010,3.8,C,1482000.0,223300.0,40,employed,7,1334000.0,saron,0,1.13,indirect,2026,0.9,0.468,0.0675
A00263,SG,house,150.0,5.0,2019,8.3,A,848000.0,194600.0,43,employed,21,741000.0,saron,0,1.25,indirect,2026,0.874,0.294,0.0476
A00264,LU,house,222.0,7.0,1936,6.9,C,1259000.0,257400.0,53,employed,3,610000.0,saron,0,0.9,indirect,2026,0.485,0.167,0.0213
A00265,BE,house,182.0,7.5,1980,3.3,D,1339000.0,255400.0,33,self_employed,1,757000.0,saron,0,0.86,indirect,2026,0.565,0.201,0.0255
A00266,LU,house,139.0,5.0,2004,0.4,B,1122000.0,193300.0,40,self_employed,10,662000.0,fixed,5,1.54,direct,2026,0.59,0.229,0.0527
A00267,TG,house,214.0,7.5,1941,14.8,E,921000.0,128000.0,42,employed,1,609000.0,saron,0,1.18,direct,2026,0.661,0.31,0.0561
A00268,LU,house,136.0,5.5,1954,2.5,F,1158000.0,180900.0,51,employed,1,883000.0,saron,0,1.07,direct,2026,0.763,0.349,0.0522
A00269,AG,apartment,92.0,3.5,1997,8.0,B,603000.0,182900.0,39,employed,4,525000.0,fixed,5,1.5,indirect,2026,0.871,0.221,0.0431
A00270,ZH,apartment,112.0,4.5,1914,12.8,G,1021000.0,286400.0,34,employed,10,741000.0,fixed,10,1.84,direct,2026,0.726,0.179,0.0476
A00271,ZH,house,123.0,4.5,1980,2.9,C,1274000.0,237400.0,51,self_employed,2,946000.0,fixed,10,1.53,indirect,2026,0.743,0.28,0.061
A00272,ZH,apartment,115.0,4.0,2022,4.5,B,1149000.0,204400.0,41,self_employed,4,777000.0,saron,0,1.05,direct,2026,0.676,0.25,0.0399
A00273,TG,apartment,125.0,4.0,2002,1.9,B,893000.0,113300.0,47,employed,5,568000.0,saron,0,1.2,indirect,2026,0.636,0.329,0.0602
A00274,BE,apartment,99.0,4.0,1995,2.4,A,665000.0,116100.0,30,employed,5,534000.0,fixed,5,1.61,direct,2026,0.803,0.339,0.0741
A00275,ZH,apartment,147.0,5.0,1987,2.4,C,1343000.0,124900.0,51,employed,3,882000.0,saron,0,1.11,indirect,2026,0.657,0.461,0.0784
A00276,LU,apartment,83.0,3.0,2019,3.2,A,829000.0,143900.0,40,employed,1,605000.0,fixed,10,1.79,indirect,2026,0.73,0.292,0.0753
A00277,BE,house,152.0,6.0,2008,1.1,B,1136000.0,222600.0,45,employed,2,712000.0,saron,0,1.07,direct,2026,0.627,0.211,0.0342
A00278,AG,apartment,160.0,5.5,1940,6.1,E,1067000.0,126000.0,31,employed,17,633000.0,fixed,10,1.8,direct,2026,0.593,0.336,0.0904
A00279,BE,apartment,74.0,3.5,1968,5.1,B,461000.0,112600.0,47,employed,3,378000.0,fixed,10,2.09,direct,2026,0.82,0.251,0.0702
A00280,BE,house,168.0,6.5,2016,18.1,A,934000.0,135000.0,46,employed,30,561000.0,fixed,5,1.59,direct,2026,0.601,0.277,0.0661
A00281,ZH,apartment,75.0,3.5,1953,29.6,D,399000.0,146200.0,61,employed,9,287000.0,fixed,5,1.48,direct,2026,0.719,0.135,0.0291
A00282,SG,apartment,77.0,3.0,1987,0.8,C,497000.0,169900.0,49,self_employed,5,341000.0,fixed,5,1.31,direct,2026,0.686,0.133,0.0263
A00283,AG,apartment,148.0,5.5,1997,6.7,A,1145000.0,224800.0,41,self_employed,3,827000.0,saron,0,0.91,direct,2026,0.722,0.254,0.0335
A00284,SO,apartment,99.0,4.0,2001,2.0,A,555000.0,106400.0,40,employed,14,452000.0,saron,0,1.16,direct,2026,0.814,0.316,0.0493
A00285,TG,apartment,109.0,3.5,2000,1.4,A,664000.0,295700.0,41,self_employed,30,368000.0,saron,0,1.06,indirect,2026,0.554,0.085,0.0132
A00286,ZH,house,186.0,7.0,1988,14.1,C,1708000.0,147900.0,48,employed,1,1300000.0,fixed,5,1.46,direct,2026,0.761,0.628,0.1283
A00287,AG,apartment,80.0,2.5,2009,21.8,B,459000.0,107600.0,38,employed,10,369000.0,fixed,5,1.56,direct,2026,0.804,0.253,0.0535
A00288,SO,house,128.0,4.5,1907,9.7,E,631000.0,173600.0,46,employed,3,513000.0,fixed,10,1.97,indirect,2026,0.813,0.22,0.0582
A00289,ZH,apartment,112.0,4.0,1924,1.1,E,1165000.0,128800.0,44,employed,3,634000.0,saron,0,0.72,direct,2026,0.544,0.337,0.0354
A00290,TG,house,143.0,4.0,1921,32.5,G,412000.0,104500.0,44,self_employed,3,283000.0,fixed,10,1.71,direct,2026,0.687,0.18,0.0463
A00291,BE,house,129.0,5.0,1922,5.1,E,720000.0,142500.0,40,employed,1,590000.0,fixed,10,1.6,indirect,2026,0.819,0.309,0.0662
A00292,AG,house,102.0,3.5,1977,3.1,D,804000.0,91300.0,68,retired,7,533000.0,fixed,5,1.49,indirect,2026,0.663,0.38,0.087
A00293,ZH,apartment,120.0,4.0,1993,0.3,C,1233000.0,279600.0,57,employed,6,902000.0,fixed,5,1.46,direct,2026,0.732,0.224,0.0471
A00294,ZH,apartment,162.0,4.5,1971,9.8,C,1295000.0,254900.0,34,employed,8,978000.0,fixed,10,1.75,indirect,2026,0.755,0.273,0.0671
A00295,ZH,apartment,97.0,4.0,1932,7.1,F,1084000.0,188000.0,50,employed,16,744000.0,saron,0,1.12,direct,2026,0.686,0.263,0.0443
A00296,SG,apartment,70.0,2.5,2013,2.1,A,468000.0,168400.0,62,employed,13,259000.0,fixed,5,1.47,direct,2026,0.553,0.105,0.0226
A00297,SO,house,115.0,4.0,2018,1.8,A,715000.0,130900.0,34,employed,3,533000.0,fixed,10,2.03,direct,2026,0.745,0.287,0.0827
A00298,ZH,house,126.0,4.0,1992,14.8,A,1050000.0,232100.0,36,employed,8,751000.0,fixed,5,1.43,direct,2026,0.715,0.222,0.0463
A00299,ZH,apartment,62.0,1.5,2011,2.7,A,688000.0,190500.0,45,employed,7,494000.0,fixed,10,1.69,direct,2026,0.718,0.178,0.0438
A00300,BE,apartment,167.0,6.0,2017,16.8,A,711000.0,120700.0,50,employed,4,526000.0,fixed,10,1.89,direct,2026,0.74,0.306,0.0824
A00301,BE,house,130.0,4.5,2019,5.8,B,853000.0,97100.0,37,employed,1,610000.0,fixed,10,1.67,direct,2026,0.715,0.43,0.1049
A00302,TG,house,103.0,3.0,1960,2.4,E,588000.0,172300.0,45,self_employed,2,468000.0,fixed,10,1.63,direct,2026,0.796,0.199,0.0443
A00303,AG,apartment,112.0,4.5,1964,18.7,C,516000.0,119500.0,28,employed,6,289000.0,fixed,5,1.47,indirect,2026,0.56,0.164,0.0356
A00304,TG,apartment,100.0,4.0,1950,2.3,D,652000.0,133100.0,43,employed,7,411000.0,fixed,10,1.69,indirect,2026,0.63,0.203,0.0522
A00305,BE,house,122.0,3.5,1905,0.8,C,925000.0,128900.0,51,self_employed,16,711000.0,fixed,5,1.39,indirect,2026,0.769,0.396,0.0767
A00306,LU,apartment,122.0,4.0,1906,0.9,G,988000.0,121800.0,60,self_employed,10,757000.0,fixed,5,1.49,indirect,2026,0.766,0.446,0.0926
A00307,BE,house,136.0,4.0,1926,1.6,E,953000.0,96700.0,51,employed,4,652000.0,saron,0,1.08,direct,2026,0.684,0.447,0.0728
A00308,BE,house,101.0,3.5,2014,3.7,A,771000.0,80200.0,52,self_employed,2,462000.0,fixed,10,1.78,indirect,2026,0.599,0.384,0.1025
A00309,BE,apartment,83.0,3.0,1984,3.6,D,527000.0,86400.0,46,employed,2,399000.0,fixed,10,1.46,direct,2026,0.757,0.329,0.0674
A00310,LU,house,190.0,7.0,1957,0.9,C,1548000.0,123600.0,31,employed,4,1109000.0,fixed,10,1.76,indirect,2026,0.716,0.615,0.1579
A00311,SG,house,188.0,7.0,1900,32.4,F,734000.0,163600.0,41,self_employed,2,396000.0,fixed,10,1.89,indirect,2026,0.54,0.166,0.0457
A00312,ZH,house,162.0,6.0,1978,2.2,A,1712000.0,98900.0,49,employed,0,1541000.0,saron,0,0.9,direct,2026,0.9,1.222,0.1402
A00313,ZH,house,208.0,7.0,1987,3.1,B,2457000.0,198900.0,46,employed,13,1752000.0,fixed,10,1.72,direct,2026,0.713,0.602,0.1515
A00314,ZH,house,164.0,5.0,1954,8.0,C,1812000.0,136600.0,39,employed,12,1389000.0,fixed,5,1.53,direct,2026,0.767,0.729,0.1556
A00315,AG,apartment,110.0,3.5,2004,0.3,B,800000.0,162500.0,48,employed,19,538000.0,fixed,10,2.08,direct,2026,0.672,0.217,0.0689
A00316,SG,apartment,72.0,2.5,1926,11.0,E,427000.0,134600.0,30,employed,5,319000.0,fixed,10,1.76,direct,2026,0.747,0.167,0.0417
A00317,ZH,house,142.0,5.5,1954,4.9,D,1544000.0,191400.0,55,self_employed,1,1032000.0,fixed,10,1.71,indirect,2026,0.668,0.351,0.0922
A00318,ZH,apartment,78.0,3.0,1901,14.0,F,588000.0,133100.0,40,self_employed,0,458000.0,fixed,5,1.38,direct,2026,0.779,0.249,0.0475
A00319,SG,apartment,108.0,4.0,2015,13.9,A,562000.0,129400.0,44,employed,4,463000.0,saron,0,1.02,indirect,2026,0.824,0.268,0.0365
A00320,ZH,house,139.0,4.5,1912,1.4,E,1502000.0,167300.0,47,employed,2,812000.0,fixed,10,1.72,direct,2026,0.541,0.332,0.0835
A00321,BE,house,149.0,5.0,1933,8.5,D,867000.0,112000.0,37,employed,13,524000.0,fixed,10,1.72,indirect,2026,0.604,0.311,0.0805
A00322,ZH,apartment,100.0,3.5,2004,9.3,A,1001000.0,151600.0,45,employed,5,798000.0,fixed,5,1.25,indirect,2026,0.797,0.387,0.0658
A00323,AG,apartment,103.0,3.5,1988,18.4,C,487000.0,89100.0,46,employed,2,292000.0,fixed,10,1.82,indirect,2026,0.6,0.219,0.0596
A00324,TG,house,174.0,6.5,2008,10.7,B,958000.0,140600.0,35,employed,18,641000.0,saron,0,0.88,direct,2026,0.669,0.297,0.0401
A00325,BE,house,127.0,4.0,1915,4.6,E,727000.0,235100.0,67,retired,11,549000.0,fixed,5,1.48,direct,2026,0.755,0.166,0.0346
A00326,TG,apartment,103.0,3.5,1990,1.6,C,573000.0,114600.0,55,employed,11,513000.0,saron,0,1.27,direct,2026,0.895,0.35,0.0569
A00327,AG,apartment,119.0,5.0,1973,4.0,D,760000.0,125600.0,42,employed,6,653000.0,fixed,5,1.58,indirect,2026,0.859,0.398,0.0821
A00328,ZH,apartment,74.0,3.0,1973,28.5,B,461000.0,99400.0,41,employed,0,322000.0,fixed,10,1.74,direct,2026,0.698,0.218,0.0564
A00329,TG,apartment,60.0,2.0,1970,0.3,E,332000.0,55400.0,25,employed,13,200000.0,saron,0,1.05,direct,2026,0.602,0.24,0.0379
A00330,LU,apartment,82.0,3.5,1919,2.6,D,527000.0,93300.0,49,self_employed,15,415000.0,fixed,10,1.87,direct,2026,0.787,0.324,0.0832
A00331,LU,house,114.0,4.0,1981,4.2,D,883000.0,133900.0,38,employed,7,536000.0,saron,0,0.87,indirect,2026,0.607,0.266,0.0348
A00332,SG,house,135.0,5.0,2000,10.9,A,706000.0,124400.0,53,employed,6,522000.0,saron,0,1.04,indirect,2026,0.739,0.294,0.0436
A00333,AG,house,173.0,6.5,1978,0.9,B,1346000.0,108500.0,44,employed,7,712000.0,fixed,10,1.81,direct,2026,0.529,0.452,0.1188
A00334,SO,house,171.0,6.5,2012,4.6,A,1031000.0,282000.0,41,employed,15,636000.0,saron,0,1.2,direct,2026,0.617,0.149,0.0271
A00335,ZH,apartment,82.0,2.5,1976,10.3,B,765000.0,126900.0,50,employed,3,419000.0,saron,0,0.99,direct,2026,0.548,0.225,0.0327
A00336,ZH,house,141.0,6.0,1946,19.0,E,971000.0,174600.0,41,employed,1,726000.0,fixed,10,1.63,indirect,2026,0.748,0.294,0.0678
A00337,BE,apartment,91.0,3.5,1980,21.2,D,342000.0,127700.0,55,employed,14,271000.0,fixed,10,1.9,direct,2026,0.792,0.155,0.0403
A00338,ZH,house,116.0,4.0,2011,11.1,A,1280000.0,148400.0,41,employed,10,842000.0,fixed,10,1.74,direct,2026,0.658,0.37,0.0987
A00339,SG,house,146.0,5.0,1901,12.5,F,934000.0,111900.0,46,self_employed,5,588000.0,fixed,10,1.79,direct,2026,0.63,0.346,0.0941
A00340,ZH,house,121.0,4.5,1923,10.3,F,1105000.0,140800.0,38,self_employed,7,751000.0,fixed,5,1.5,indirect,2026,0.68,0.352,0.08
A00341,ZH,apartment,101.0,3.0,2009,2.5,B,1008000.0,197400.0,49,employed,1,718000.0,fixed,10,1.72,indirect,2026,0.712,0.248,0.0626
A00342,BE,house,142.0,5.0,2011,1.6,A,1042000.0,86000.0,39,employed,13,630000.0,fixed,10,1.82,direct,2026,0.605,0.487,0.1333
A00343,ZH,apartment,129.0,4.5,2014,3.1,A,1318000.0,118500.0,43,employed,0,799000.0,saron,0,1.04,indirect,2026,0.606,0.448,0.0701
A00344,SG,house,135.0,4.5,2014,5.1,A,856000.0,119600.0,25,self_employed,1,525000.0,saron,0,1.03,direct,2026,0.613,0.291,0.0452
A00345,LU,apartment,81.0,3.0,1908,11.3,E,644000.0,131700.0,49,employed,3,483000.0,saron,0,1.02,indirect,2026,0.75,0.259,0.0374
A00346,AG,apartment,76.0,3.0,1909,16.9,E,321000.0,66000.0,50,employed,3,233000.0,fixed,5,1.52,direct,2026,0.726,0.244,0.0537
A00347,AG,apartment,60.0,2.0,2010,4.1,B,431000.0,101100.0,50,employed,10,257000.0,saron,0,1.05,direct,2026,0.596,0.17,0.0267
A00348,ZH,house,127.0,5.5,1984,2.3,C,1566000.0,192300.0,39,employed,7,958000.0,fixed,5,1.67,direct,2026,0.612,0.331,0.0832
A00349,SG,house,162.0,5.5,1953,1.2,C,1179000.0,142400.0,36,employed,15,905000.0,saron,0,1.1,direct,2026,0.768,0.456,0.0699
A00350,SO,house,180.0,6.5,1930,16.2,F,757000.0,86900.0,53,employed,4,512000.0,fixed,10,1.8,indirect,2026,0.676,0.387,0.1061
A00351,AG,apartment,72.0,3.0,1958,10.3,C,475000.0,101000.0,56,employed,3,273000.0,fixed,5,1.54,indirect,2026,0.575,0.182,0.0416
A00352,ZH,house,127.0,4.5,1908,8.7,F,1167000.0,131200.0,46,employed,4,794000.0,saron,0,1.24,direct,2026,0.68,0.4,0.075
A00353,ZH,house,122.0,4.5,2011,4.0,B,1480000.0,88900.0,52,self_employed,10,1268000.0,fixed,10,1.63,indirect,2026,0.857,1.091,0.2325
A00354,BE,house,118.0,4.5,1923,1.2,D,678000.0,117000.0,47,employed,2,469000.0,saron,0,1.09,direct,2026,0.692,0.268,0.0437
A00355,BE,house,127.0,5.0,2001,2.7,B,824000.0,106800.0,50,employed,3,647000.0,saron,0,0.78,direct,2026,0.785,0.441,0.0473
A00356,BE,house,187.0,6.5,1969,6.3,C,1081000.0,255000.0,42,employed,3,599000.0,saron,0,1.1,direct,2026,0.554,0.16,0.0258
A00357,AG,house,177.0,6.0,1963,3.8,C,1240000.0,138200.0,52,employed,9,790000.0,fixed,10,1.48,indirect,2026,0.637,0.376,0.0846
A00358,LU,house,132.0,4.0,2022,8.7,A,1013000.0,306100.0,35,self_employed,1,555000.0,fixed,5,1.35,direct,2026,0.548,0.124,0.0245
A00359,BE,house,239.0,8.5,2018,6.6,A,1785000.0,136700.0,51,self_employed,9,1499000.0,saron,0,1.23,direct,2026,0.84,0.83,0.1349
A00360,BE,house,168.0,5.0,1918,0.6,F,1069000.0,259200.0,37,employed,0,861000.0,fixed,10,1.73,direct,2026,0.805,0.245,0.0575
A00361,ZH,house,295.0,9.0,2005,13.1,B,2936000.0,254700.0,34,employed,13,1958000.0,fixed,10,1.69,direct,2026,0.667,0.5,0.1299
A00362,BE,house,128.0,4.5,2021,22.4,B,571000.0,278900.0,28,employed,1,510000.0,fixed,5,1.36,direct,2026,0.893,0.143,0.0249
A00363,TG,house,170.0,6.0,1930,6.8,E,884000.0,188200.0,56,employed,1,576000.0,fixed,10,1.88,indirect,2026,0.652,0.2,0.0575
A00364,SO,apartment,130.0,5.0,1920,10.5,E,589000.0,93100.0,52,employed,11,428000.0,fixed,5,1.4,direct,2026,0.727,0.318,0.0644
A00365,BE,house,108.0,4.0,1975,1.5,E,579000.0,95400.0,39,employed,7,478000.0,fixed,10,1.97,direct,2026,0.826,0.376,0.0987
A00366,SG,apartment,102.0,3.5,1971,27.5,B,451000.0,105200.0,46,employed,0,245000.0,saron,0,1.01,direct,2026,0.543,0.159,0.0235
A00367,BE,apartment,109.0,3.5,1942,8.4,C,689000.0,108700.0,40,employed,5,507000.0,fixed,10,1.68,direct,2026,0.736,0.326,0.0784
A00368,ZH,house,177.0,6.5,1932,20.7,D,1366000.0,185500.0,36,self_employed,5,1101000.0,fixed,10,1.54,indirect,2026,0.806,0.439,0.0914
A00369,ZH,house,187.0,6.5,1996,4.2,A,1929000.0,179000.0,35,employed,1,1434000.0,fixed,10,1.72,direct,2026,0.743,0.563,0.1378
A00370,LU,house,154.0,5.5,1958,6.5,E,1036000.0,145200.0,49,employed,5,802000.0,fixed,5,1.52,direct,2026,0.774,0.399,0.084
A00371,BE,house,152.0,6.0,1963,5.0,B,977000.0,101400.0,36,employed,2,718000.0,saron,0,1.04,direct,2026,0.735,0.494,0.0736
A00372,ZH,house,139.0,4.5,2011,2.4,B,1679000.0,262300.0,60,self_employed,21,1254000.0,saron,0,1.06,direct,2026,0.747,0.337,0.0507
A00373,TG,house,142.0,5.5,1997,10.2,A,792000.0,196300.0,44,employed,2,520000.0,saron,0,1.0,indirect,2026,0.657,0.173,0.0265
A00374,AG,apartment,113.0,3.5,1990,30.8,D,427000.0,117900.0,51,employed,1,317000.0,saron,0,0.98,direct,2026,0.742,0.189,0.0263
A00375,BE,apartment,209.0,7.5,1953,16.2,D,944000.0,238100.0,49,employed,1,579000.0,fixed,10,1.73,indirect,2026,0.613,0.161,0.0421
A00376,ZH,apartment,89.0,3.0,1903,1.2,F,697000.0,140600.0,34,employed,1,494000.0,fixed,10,1.74,direct,2026,0.709,0.239,0.0611
A00377,AG,house,197.0,7.0,2018,17.5,A,1125000.0,181200.0,35,employed,0,924000.0,fixed,5,1.65,direct,2026,0.821,0.381,0.0841
A00378,AG,house,160.0,5.0,1928,6.6,C,953000.0,113000.0,51,employed,13,672000.0,saron,0,1.02,direct,2026,0.705,0.403,0.0607
A00379,ZH,apartment,109.0,2.5,2013,4.4,D,1280000.0,227700.0,46,employed,11,1152000.0,fixed,10,1.73,direct,2026,0.9,0.397,0.0875
A00380,AG,apartment,82.0,3.0,2014,13.6,C,452000.0,167300.0,39,employed,5,330000.0,fixed,5,1.45,indirect,2026,0.73,0.137,0.0286
A00381,LU,house,111.0,4.5,2002,2.4,D,990000.0,162800.0,32,employed,14,617000.0,saron,0,0.99,direct,2026,0.623,0.25,0.0375
A00382,BE,house,144.0,4.5,2011,3.5,A,1023000.0,110800.0,57,employed,7,614000.0,saron,0,0.91,direct,2026,0.6,0.369,0.0504
A00383,ZH,apartment,118.0,4.5,2008,3.9,B,1104000.0,135200.0,26,employed,0,616000.0,saron,0,0.91,direct,2026,0.558,0.309,0.0415
A00384,ZH,house,134.0,5.0,1990,11.7,B,1563000.0,199200.0,29,employed,5,957000.0,fixed,5,1.33,indirect,2026,0.612,0.319,0.0639
A00385,AG,apartment,87.0,3.5,1958,23.7,D,351000.0,86900.0,33,employed,18,278000.0,saron,0,0.88,indirect,2026,0.792,0.234,0.0282
A00386,SG,apartment,86.0,3.5,1949,6.8,C,505000.0,101800.0,50,employed,3,332000.0,fixed,10,1.73,indirect,2026,0.657,0.213,0.0564
A00387,ZH,apartment,82.0,3.0,2010,7.3,B,805000.0,170300.0,56,employed,9,526000.0,fixed,5,1.4,direct,2026,0.653,0.202,0.0432
A00388,ZH,apartment,134.0,5.0,1902,4.3,F,1152000.0,212700.0,38,self_employed,20,845000.0,fixed,5,1.55,indirect,2026,0.734,0.277,0.0616
A00389,AG,apartment,87.0,3.5,1965,1.4,A,619000.0,110600.0,37,self_employed,7,367000.0,fixed,10,1.61,direct,2026,0.593,0.222,0.0534
A00390,BE,house,149.0,5.5,1954,8.5,D,882000.0,143400.0,47,employed,1,676000.0,fixed,10,1.61,direct,2026,0.766,0.338,0.0759
A00391,ZH,apartment,98.0,3.0,2019,9.8,A,1121000.0,168100.0,26,employed,12,944000.0,fixed,5,1.44,direct,2026,0.842,0.425,0.0809
A00392,BE,apartment,89.0,3.0,2010,1.7,A,592000.0,84100.0,39,self_employed,2,378000.0,fixed,10,1.6,direct,2026,0.639,0.295,0.0719
A00393,SG,apartment,103.0,3.5,1935,18.8,F,429000.0,118500.0,55,employed,14,299000.0,fixed,10,1.68,direct,2026,0.697,0.17,0.0424
A00394,ZH,house,131.0,5.0,2008,3.3,A,1526000.0,181300.0,46,employed,14,984000.0,saron,0,0.86,indirect,2026,0.645,0.356,0.0467
A00395,SG,house,131.0,4.5,1999,14.1,B,718000.0,120000.0,38,employed,4,434000.0,saron,0,0.96,direct,2026,0.604,0.241,0.0347
A00396,LU,house,176.0,6.5,1924,0.9,E,1185000.0,197300.0,54,employed,5,856000.0,fixed,10,1.77,indirect,2026,0.722,0.299,0.0768
A00397,ZH,apartment,112.0,4.0,2008,2.1,A,1168000.0,176700.0,55,employed,10,946000.0,saron,0,1.06,direct,2026,0.81,0.397,0.0567
A00398,AG,house,145.0,5.5,1960,30.3,C,643000.0,202500.0,35,employed,8,497000.0,fixed,10,1.81,direct,2026,0.773,0.177,0.0444
A00399,TG,apartment,123.0,5.5,1919,2.5,F,654000.0,147200.0,49,employed,0,411000.0,fixed,10,1.7,indirect,2026,0.628,0.184,0.0475
A00400,LU,apartment,113.0,5.0,1978,5.6,B,667000.0,186900.0,40,self_employed,5,469000.0,fixed,5,1.48,direct,2026,0.703,0.17,0.0371
A00401,ZH,apartment,85.0,3.0,1961,5.2,E,823000.0,110200.0,51,employed,2,535000.0,fixed,10,1.62,direct,2026,0.65,0.317,0.0786
A00402,ZH,house,201.0,7.5,2008,14.1,B,2011000.0,246300.0,49,employed,4,1088000.0,fixed,10,1.83,indirect,2026,0.541,0.303,0.0808
A00403,AG,apartment,84.0,3.0,1981,28.1,E,341000.0,103200.0,58,employed,7,262000.0,fixed,10,1.91,indirect,2026,0.768,0.182,0.0485
A00404,ZH,apartment,142.0,5.0,2006,35.0,B,738000.0,281100.0,58,employed,5,635000.0,saron,0,0.86,indirect,2026,0.86,0.173,0.0194
A00405,LU,apartment,124.0,5.5,1972,10.9,C,762000.0,122500.0,36,employed,4,512000.0,fixed,5,1.65,direct,2026,0.672,0.273,0.069
A00406,LU,apartment,108.0,3.0,2014,4.5,A,948000.0,168700.0,53,employed,0,805000.0,fixed,5,1.39,direct,2026,0.849,0.363,0.0663
A00407,SO,apartment,77.0,2.5,1900,10.7,G,371000.0,60200.0,52,employed,3,301000.0,saron,0,0.78,indirect,2026,0.811,0.371,0.039
A00408,ZH,house,226.0,7.5,2003,1.1,B,2160000.0,332900.0,45,employed,10,1681000.0,fixed,10,1.76,direct,2026,0.778,0.366,0.0889
A00409,ZH,apartment,124.0,3.5,1944,1.1,C,1318000.0,178800.0,54,employed,2,910000.0,fixed,10,1.66,direct,2026,0.69,0.34,0.0845
A00410,ZH,house,155.0,5.0,2016,25.5,B,1060000.0,157800.0,40,employed,11,816000.0,fixed,10,1.69,direct,2026,0.77,0.372,0.0874
A00411,AG,apartment,84.0,3.5,2006,4.7,A,536000.0,130500.0,28,self_employed,7,409000.0,saron,0,1.03,direct,2026,0.763,0.224,0.0323
A00412,AG,house,177.0,5.5,1907,9.3,F,1188000.0,215500.0,36,self_employed,13,939000.0,fixed,10,1.75,indirect,2026,0.79,0.318,0.0763
A00413,BE,apartment,131.0,4.0,1993,1.6,A,766000.0,126500.0,52,employed,9,507000.0,saron,0,1.13,direct,2026,0.662,0.261,0.0453
A00414,LU,apartment,68.0,2.0,2011,2.6,A,598000.0,122200.0,42,employed,8,333000.0,fixed,5,1.37,indirect,2026,0.557,0.185,0.0373
A00415,ZH,house,134.0,4.0,1960,24.1,B,828000.0,259900.0,42,employed,4,517000.0,saron,0,1.08,direct,2026,0.624,0.131,0.0215
A00416,LU,apartment,117.0,4.0,1931,7.2,D,928000.0,160400.0,44,employed,8,492000.0,fixed,10,1.81,direct,2026,0.53,0.211,0.0555
A00417,AG,apartment,97.0,3.0,1987,8.2,D,519000.0,99300.0,64,employed,8,355000.0,fixed,10,1.63,direct,2026,0.684,0.237,0.0583
A00418,AG,apartment,64.0,2.0,1997,5.7,B,453000.0,116100.0,33,employed,4,328000.0,fixed,5,1.66,direct,2026,0.724,0.195,0.0469
A00419,AG,house,150.0,5.5,2011,10.4,B,1196000.0,165700.0,47,employed,6,896000.0,fixed,10,1.69,indirect,2026,0.749,0.382,0.0914
A00420,SO,apartment,101.0,3.0,2015,1.7,C,579000.0,107900.0,36,employed,5,386000.0,saron,0,1.0,direct,2026,0.667,0.233,0.0358
A00421,LU,apartment,129.0,4.5,2001,5.9,B,999000.0,179200.0,34,employed,3,686000.0,fixed,10,1.73,direct,2026,0.687,0.255,0.0662
A00422,LU,house,131.0,5.0,1938,2.5,D,1094000.0,284600.0,37,employed,10,871000.0,saron,0,1.17,indirect,2026,0.796,0.225,0.0358
A00423,LU,apartment,132.0,4.5,1906,7.7,F,962000.0,137700.0,45,employed,7,667000.0,fixed,10,1.92,direct,2026,0.693,0.324,0.093
A00424,TG,apartment,93.0,3.0,2002,5.2,D,498000.0,112300.0,49,self_employed,0,300000.0,saron,0,1.11,direct,2026,0.602,0.178,0.0297
A00425,ZH,house,136.0,4.0,1947,5.3,D,1216000.0,162800.0,44,employed,6,905000.0,fixed,5,1.47,indirect,2026,0.744,0.391,0.0817
A00426,BE,house,157.0,6.0,1971,11.2,C,846000.0,161900.0,46,employed,1,535000.0,fixed,10,1.83,direct,2026,0.632,0.217,0.0605
A00427,BE,house,129.0,5.5,2001,4.5,B,898000.0,218900.0,61,employed,16,764000.0,saron,0,0.96,direct,2026,0.851,0.266,0.0335
A00428,AG,apartment,92.0,3.5,2012,7.1,B,688000.0,114500.0,44,employed,2,497000.0,saron,0,1.01,direct,2026,0.722,0.299,0.0438
A00429,LU,apartment,74.0,3.0,1979,0.6,B,539000.0,118900.0,36,self_employed,5,389000.0,saron,0,0.99,direct,2026,0.722,0.226,0.0324
A00430,AG,apartment,98.0,3.0,1986,0.5,B,751000.0,118800.0,54,self_employed,3,506000.0,fixed,5,1.67,indirect,2026,0.674,0.279,0.0711
A00431,BE,apartment,145.0,6.0,1974,16.4,B,587000.0,96600.0,35,employed,5,391000.0,saron,0,1.02,direct,2026,0.666,0.263,0.0413
A00432,BE,house,160.0,5.5,1932,21.3,E,589000.0,78600.0,42,employed,7,418000.0,fixed,5,1.45,direct,2026,0.71,0.362,0.0771
A00433,ZH,apartment,103.0,3.5,1969,4.8,C,985000.0,140900.0,54,employed,14,663000.0,fixed,5,1.71,indirect,2026,0.673,0.308,0.0805
A00434,BE,house,194.0,7.0,1917,2.2,F,1297000.0,164700.0,29,employed,16,1026000.0,fixed,10,1.63,direct,2026,0.791,0.456,0.1015
A00435,BE,house,153.0,5.5,1995,8.2,B,812000.0,73400.0,59,employed,11,477000.0,fixed,5,1.56,direct,2026,0.587,0.436,0.1014
A00436,AG,house,149.0,5.5,1923,2.2,F,1062000.0,123500.0,37,employed,1,869000.0,fixed,5,1.48,indirect,2026,0.818,0.525,0.1041
A00437,SG,house,109.0,4.0,1939,16.8,E,573000.0,79800.0,34,self_employed,14,428000.0,fixed,5,1.51,direct,2026,0.747,0.378,0.081
A00438,BE,apartment,63.0,2.5,2020,2.9,A,468000.0,87800.0,38,self_employed,5,324000.0,fixed,5,1.33,indirect,2026,0.692,0.247,0.0491
A00439,ZH,apartment,138.0,4.5,1925,11.1,E,897000.0,153300.0,32,employed,14,710000.0,fixed,5,1.56,indirect,2026,0.792,0.339,0.0723
A00440,AG,apartment,91.0,3.5,1916,0.5,E,734000.0,107600.0,64,employed,4,547000.0,fixed,5,1.47,direct,2026,0.745,0.358,0.0747
A00441,AG,apartment,94.0,4.0,1949,3.9,D,616000.0,131800.0,37,employed,0,457000.0,fixed,10,1.99,direct,2026,0.742,0.244,0.069
A00442,SO,apartment,116.0,4.0,1987,3.4,B,568000.0,106800.0,37,employed,3,416000.0,saron,0,0.99,direct,2026,0.732,0.271,0.0386
A00443,AG,house,173.0,6.5,2009,8.5,A,1335000.0,166700.0,44,employed,2,808000.0,fixed,5,1.53,indirect,2026,0.605,0.322,0.0742
A00444,BE,apartment,90.0,3.0,1993,12.3,A,450000.0,102600.0,62,employed,23,283000.0,fixed,5,1.68,indirect,2026,0.629,0.182,0.0463
A00445,AG,house,157.0,5.0,1989,11.6,A,843000.0,259400.0,35,employed,13,500000.0,fixed,5,1.58,indirect,2026,0.593,0.129,0.0305
A00446,TG,house,191.0,7.0,2004,4.9,B,1293000.0,154700.0,39,employed,3,1038000.0,fixed,5,1.47,direct,2026,0.803,0.495,0.0986
A00447,SG,apartment,99.0,3.5,1950,1.9,F,520000.0,78600.0,54,employed,12,422000.0,fixed,10,1.78,direct,2026,0.812,0.399,0.0956
A00448,SG,house,258.0,8.5,1976,1.2,C,1668000.0,329600.0,48,employed,18,977000.0,fixed,10,1.75,indirect,2026,0.586,0.199,0.0519
A00449,ZH,apartment,152.0,5.5,1971,1.7,C,1377000.0,239700.0,49,employed,0,1058000.0,fixed,5,1.71,direct,2026,0.768,0.317,0.0755
A00450,AG,apartment,89.0,3.0,1901,5.2,G,770000.0,228100.0,56,self_employed,4,487000.0,fixed,5,1.58,direct,2026,0.632,0.141,0.0337
A00451,ZH,apartment,129.0,4.0,2020,11.6,B,1206000.0,162900.0,47,self_employed,14,704000.0,saron,0,1.06,direct,2026,0.584,0.29,0.0458
A00452,AG,house,181.0,6.5,1906,13.4,F,1004000.0,151500.0,51,employed,1,771000.0,fixed,10,1.95,indirect,2026,0.768,0.365,0.0992
A00453,ZH,apartment,58.0,1.5,1949,22.5,E,450000.0,119000.0,39,employed,1,342000.0,saron,0,0.92,indirect,2026,0.76,0.205,0.0264
A00454,TG,apartment,129.0,5.0,1985,5.6,C,727000.0,96400.0,55,employed,5,527000.0,saron,0,1.22,direct,2026,0.725,0.378,0.0667
A00455,TG,apartment,111.0,3.0,1912,5.1,F,632000.0,193800.0,39,employed,4,316000.0,saron,0,1.08,indirect,2026,0.5,0.114,0.0176
A00456,AG,house,157.0,6.0,2007,6.3,B,1072000.0,186000.0,50,employed,8,697000.0,fixed,10,1.85,direct,2026,0.65,0.245,0.0693
A00457,AG,apartment,84.0,2.0,1908,8.3,F,443000.0,153900.0,36,self_employed,2,282000.0,saron,0,0.89,indirect,2026,0.637,0.12,0.0163
A00458,AG,apartment,87.0,3.0,1929,1.4,D,649000.0,92700.0,51,employed,7,474000.0,fixed,10,1.69,direct,2026,0.73,0.355,0.0864
A00459,BE,apartment,90.0,2.0,1949,13.0,D,374000.0,126000.0,58,employed,9,277000.0,fixed,10,1.6,direct,2026,0.741,0.154,0.0352
A00460,BE,house,156.0,6.0,1932,8.2,F,854000.0,61100.0,54,employed,8,565000.0,fixed,10,1.65,direct,2026,0.662,0.602,0.1526
A00461,LU,apartment,94.0,3.0,1987,2.6,B,592000.0,146800.0,60,employed,2,354000.0,saron,0,0.85,indirect,2026,0.598,0.161,0.0205
A00462,ZH,house,155.0,4.5,2008,3.8,A,1973000.0,229400.0,44,employed,0,1416000.0,fixed,5,1.55,direct,2026,0.718,0.424,0.0957
A00463,LU,apartment,125.0,4.0,1997,11.2,B,835000.0,122000.0,38,self_employed,2,545000.0,fixed,5,1.69,indirect,2026,0.653,0.292,0.0755
A00464,SG,house,228.0,8.5,2002,3.4,B,1720000.0,199800.0,34,employed,4,1509000.0,saron,0,1.01,indirect,2026,0.877,0.585,0.0763
A00465,ZH,house,162.0,5.5,1988,0.9,E,1825000.0,122100.0,42,employed,1,1231000.0,fixed,5,1.53,direct,2026,0.675,0.661,0.1543
A00466,AG,house,143.0,5.0,1992,2.6,A,1156000.0,98900.0,49,employed,1,776000.0,fixed,5,1.49,indirect,2026,0.671,0.513,0.1169
A00467,ZH,apartment,128.0,4.5,1956,8.8,D,931000.0,153800.0,44,employed,8,689000.0,fixed,10,1.66,indirect,2026,0.74,0.314,0.0744
A00468,SO,apartment,124.0,5.0,1953,12.2,C,593000.0,235000.0,45,employed,1,409000.0,fixed,5,1.49,indirect,2026,0.69,0.116,0.0259
A00469,TG,house,180.0,6.5,1985,3.7,C,1241000.0,178600.0,42,employed,1,542000.0,saron,0,0.81,indirect,2026,0.437,0.221,0.0246
A00470,SG,apartment,87.0,4.0,1905,3.8,G,632000.0,185400.0,47,employed,1,392000.0,fixed,5,1.5,direct,2026,0.62,0.14,0.0317
A00471,ZH,house,99.0,4.0,1976,1.7,B,1262000.0,295800.0,52,employed,1,794000.0,fixed,10,1.84,direct,2026,0.629,0.177,0.0494
A00472,AG,apartment,89.0,2.5,1915,14.7,E,536000.0,174300.0,44,self_employed,3,482000.0,fixed,5,1.18,indirect,2026,0.899,0.217,0.0326
A00473,BE,house,163.0,5.0,1901,9.7,E,849000.0,101500.0,25,employed,7,601000.0,fixed,5,1.38,indirect,2026,0.708,0.403,0.0817
A00474,ZH,house,181.0,7.5,1999,12.9,A,2146000.0,158600.0,59,employed,0,1447000.0,saron,0,1.13,direct,2026,0.674,0.598,0.1031
A00475,SG,house,226.0,9.0,1920,9.1,F,1419000.0,223200.0,37,employed,4,909000.0,fixed,5,1.5,direct,2026,0.641,0.267,0.0611
A00476,ZH,house,144.0,6.0,2010,0.5,B,1432000.0,182300.0,39,employed,15,985000.0,fixed,5,1.66,direct,2026,0.688,0.36,0.0897
A00477,SG,apartment,106.0,3.5,2022,5.8,A,904000.0,206100.0,51,employed,2,814000.0,fixed,10,1.82,direct,2026,0.9,0.31,0.0719
A00478,ZH,apartment,123.0,3.5,2017,5.4,A,1321000.0,213700.0,47,employed,3,1189000.0,fixed,10,1.68,direct,2026,0.9,0.436,0.0935
A00479,SO,house,186.0,7.0,1934,4.8,D,774000.0,139800.0,25,employed,6,576000.0,saron,0,1.09,indirect,2026,0.744,0.29,0.0449
A00480,AG,house,167.0,6.0,1905,1.3,F,929000.0,197500.0,30,employed,1,588000.0,saron,0,0.99,direct,2026,0.633,0.196,0.0295
A00481,SG,apartment,59.0,1.5,2021,17.0,A,341000.0,95400.0,55,employed,1,288000.0,fixed,10,1.79,indirect,2026,0.845,0.229,0.054
A00482,SG,apartment,92.0,3.5,1936,2.0,D,570000.0,194100.0,49,employed,2,365000.0,fixed,10,1.8,direct,2026,0.64,0.123,0.0338
A00483,TG,house,226.0,8.5,2022,0.7,A,1876000.0,193000.0,38,self_employed,1,1423000.0,fixed,10,2.01,direct,2026,0.759,0.525,0.1482
A00484,ZH,apartment,96.0,3.5,1900,6.2,G,1079000.0,155900.0,47,employed,15,713000.0,fixed,10,1.69,indirect,2026,0.661,0.298,0.0773
A00485,TG,apartment,51.0,1.5,2016,9.5,A,257000.0,76000.0,36,employed,3,163000.0,saron,0,0.85,indirect,2026,0.634,0.141,0.0182
A00486,SO,house,150.0,6.0,1916,0.6,E,807000.0,215700.0,34,employed,3,726000.0,fixed,10,1.75,indirect,2026,0.9,0.264,0.0589
A00487,AG,house,150.0,5.5,2015,40.0,B,545000.0,76400.0,48,self_employed,7,375000.0,fixed,5,1.49,direct,2026,0.688,0.327,0.0731
A00488,AG,apartment,85.0,3.0,1907,7.5,F,442000.0,111500.0,46,employed,1,318000.0,saron,0,0.83,direct,2026,0.719,0.196,0.0237
A00489,ZH,apartment,94.0,3.0,1930,1.3,E,896000.0,200900.0,38,employed,8,511000.0,fixed,5,1.54,indirect,2026,0.57,0.172,0.0392
A00490,TG,house,134.0,4.5,1915,5.2,D,776000.0,152800.0,58,employed,3,442000.0,fixed,10,1.63,indirect,2026,0.57,0.195,0.0472
A00491,ZH,apartment,113.0,4.5,2020,24.9,C,624000.0,143800.0,55,employed,3,486000.0,fixed,10,1.44,indirect,2026,0.779,0.245,0.0487
A00492,SO,apartment,117.0,4.5,1994,11.9,A,440000.0,164200.0,42,employed,1,364000.0,saron,0,0.83,direct,2026,0.827,0.166,0.0184
A00493,ZH,house,163.0,5.5,1966,0.5,C,1561000.0,215400.0,41,self_employed,1,1234000.0,fixed,5,1.37,direct,2026,0.791,0.419,0.0785
A00494,SG,house,175.0,6.5,1946,6.3,D,1106000.0,238000.0,31,employed,2,846000.0,fixed,10,1.68,direct,2026,0.765,0.255,0.0597
A00495,ZH,house,107.0,4.0,1987,1.8,B,1169000.0,190900.0,56,employed,4,1052000.0,fixed,5,1.54,direct,2026,0.9,0.432,0.0849
A00496,ZH,apartment,110.0,4.5,1972,2.9,C,1093000.0,323400.0,35,employed,7,567000.0,saron,0,1.03,indirect,2026,0.519,0.121,0.0181
A00497,BE,apartment,87.0,3.5,1971,6.9,C,532000.0,141000.0,35,self_employed,5,297000.0,fixed,10,1.77,indirect,2026,0.558,0.143,0.0373
A00498,LU,house,110.0,4.0,1906,5.3,G,892000.0,166100.0,54,employed,15,552000.0,saron,0,1.0,direct,2026,0.619,0.22,0.0332
A00499,ZH,house,198.0,8.5,1906,31.9,E,1153000.0,137200.0,36,employed,3,883000.0,fixed,5,1.44,direct,2026,0.766,0.461,0.0927
A00500,AG,house,191.0,6.5,1921,10.8,F,1325000.0,315200.0,38,self_employed,14,892000.0,saron,0,0.89,indirect,2026,0.673,0.185,0.0252
